{
  "friends": [
    {
      "accountId": "SimbaVR",
      "groups": [],
      "mutual": 0,
      "alias": "",
      "note": "",
      "favorite": true,
      "created": "2022-09-25T14:29:24.373Z"
    },
    {
      "accountId": "SimbaHost",
      "groups": [],
      "mutual": 0,
      "alias": "",
      "note": "",
      "favorite": true,
      "created": "2022-09-25T14:29:24.373Z"
    },
    {
      "accountId": "SimbaSon",
      "groups": [],
      "mutual": 0,
      "alias": "",
      "note": "",
      "favorite": false,
      "created": "2022-10-07T18:13:06.680Z"
    }
  ],
  "incoming": [],
  "outgoing": [],
  "suggested": [],
  "blocklist": [],
  "settings": {
    "acceptInvites": "public"
  }
}