{
  "Season2": {
    "battlePassPurchased": true,
    "battlePassTier": 100,
    "battlePassXPBoost": 120,
    "battlePassXPFriendBoost": 120
  },
  "Season3": {
    "battlePassPurchased": true,
    "battlePassTier": 100,
    "battlePassXPBoost": 120,
    "battlePassXPFriendBoost": 120
  },
  "Season4": {
    "battlePassPurchased": true,
    "battlePassTier": 100,
    "battlePassXPBoost": 120,
    "battlePassXPFriendBoost": 120
  },
  "Season5": {
    "battlePassPurchased": true,
    "battlePassTier": 100,
    "battlePassXPBoost": 120,
    "battlePassXPFriendBoost": 120
  },
  "Season6": {
    "battlePassPurchased": true,
    "battlePassTier": 100,
    "battlePassXPBoost": 120,
    "battlePassXPFriendBoost": 120
  },
  "Season7": {
    "battlePassPurchased": true,
    "battlePassTier": 100,
    "battlePassXPBoost": 120,
    "battlePassXPFriendBoost": 120
  },
  "Season8": {
    "battlePassPurchased": true,
    "battlePassTier": 100,
    "battlePassXPBoost": 120,
    "battlePassXPFriendBoost": 120
  },
  "Season9": {
    "battlePassPurchased": true,
    "battlePassTier": 100,
    "battlePassXPBoost": 120,
    "battlePassXPFriendBoost": 120
  },
  "Season1000": {
    "battlePassPurchased": true,
    "battlePassTier": 100,
    "battlePassXPBoost": 120,
    "battlePassXPFriendBoost": 120
  }
}