{
    "//": "BR Item Shop Config",
    "daily1": {
        "itemGrants": ["AthenaCharacter:CID_028_Athena_Commando_F"],
        "price": 0
    },
    "daily2": {
        "itemGrants": ["AthenaCharacter:CID_028_Athena_Commando_F"],
        "price": 0
    },
    "daily3": {
        "itemGrants": ["AthenaCharacter:CID_028_Athena_Commando_F"],
        "price": 0
    },
    "daily4": {
        "itemGrants": ["AthenaCharacter:CID_028_Athena_Commando_F"],
        "price": 0
    },
    "daily5": {
        "itemGrants": ["AthenaCharacter:CID_028_Athena_Commando_F"],
        "price": 0
    },
    "daily6": {
        "itemGrants": ["AthenaCharacter:CID_028_Athena_Commando_F"],
        "price": 0
    },
    "featured1": {
        "itemGrants": ["AthenaCharacter:CID_028_Athena_Commando_F"],
        "price": 0
    },
    "featured2": {
        "itemGrants": ["AthenaCharacter:CID_028_Athena_Commando_F"],
        "price": 0
    }
}